{
    "metadata": {
        "generator": "io_three",
        "type": "Geometry",
        "normals": 6,
        "vertices": 24,
        "version": 3,
        "faces": 6,
        "uvs": 1
    },
    "vertices": [2.94666,-2.94636,-2.94666,2.94666,-2.94636,2.94666,2.94666,2.94696,-2.94666,2.94666,2.94696,2.94666,-2.94666,-2.94636,2.94666,-2.94666,-2.94636,-2.94666,-2.94666,2.94696,2.94666,-2.94666,2.94696,-2.94666,-2.94666,-2.94636,-2.94666,2.94666,-2.94636,-2.94666,-2.94666,2.94696,-2.94666,2.94666,2.94696,-2.94666,-2.94666,-2.94636,2.94666,2.94666,-2.94636,2.94666,-2.94666,2.94696,2.94666,2.94666,2.94696,2.94666,-2.94666,2.94696,2.94666,-2.94666,2.94696,-2.94666,2.94666,2.94696,-2.94666,2.94666,2.94696,2.94666,-2.94666,-2.94636,2.94666,-2.94666,-2.94636,-2.94666,2.94666,-2.94636,-2.94666,2.94666,-2.94636,2.94666],
    "faces": [41,1,0,2,3,2,3,0,1,0,0,0,0,41,6,7,5,4,4,5,6,7,1,1,1,1,41,10,11,9,8,8,9,10,11,2,2,2,2,41,15,14,12,13,12,13,14,15,3,3,3,3,41,19,18,17,16,16,17,18,19,4,4,4,4,41,20,21,22,23,20,21,22,23,5,5,5,5],
    "name": "Cube.002Geometry.1",
    "uvs": [[0.015152,0.318182,0.015152,0.015152,0.318182,0.015152,0.318182,0.318182,0.348485,0.318182,0.348485,0.015152,0.651515,0.015152,0.651515,0.318182,0.015152,0.651515,0.015152,0.348485,0.318182,0.348485,0.318182,0.651515,0.348485,0.348485,0.651515,0.348485,0.651515,0.651515,0.348485,0.651515,0.015152,0.681818,0.318182,0.681818,0.318182,0.984848,0.015152,0.984848,0.984848,0.015152,0.984848,0.318182,0.681818,0.318182,0.681818,0.015152]],
    "normals": [1,0,0,-1,0,0,0,0,-1,0,0,1,0,1,0,0,-1,0]
}