{
    "normals": [0,0,1],
    "faces": [41,3,0,1,2,0,1,2,3,0,0,0,0],
    "uvs": [[7e-05,0.99996,7e-05,7e-05,0.99993,7e-05,0.99993,0.99996]],
    "metadata": {
        "version": 3,
        "normals": 1,
        "faces": 1,
        "uvs": 1,
        "generator": "io_three",
        "type": "Geometry",
        "vertices": 4
    },
    "name": "Cube.000Geometry",
    "vertices": [-0.034254,-0.060815,0.003209,0.03426,-0.060815,0.003209,0.03426,0.060816,0.003209,-0.034254,0.060816,0.003209]
}