{
    "metadata": {
        "type": "Geometry",
        "generator": "io_three",
        "normals": 2,
        "vertices": 4,
        "uvs": 1,
        "faces": 1,
        "version": 3
    },
    "normals": [0,0,-1,0,0,-0.999969],
    "name": "Plane.001Geometry.1",
    "vertices": [0.031912,-0.061396,-0.003569,-0.031912,-0.061396,-0.003569,0.031912,-0.029484,-0.003569,-0.031912,-0.029484,-0.003569],
    "uvs": [[0.0001,0.0001,0.9999,0.0001,0.9999,0.9999,0.0001,0.9999]],
    "faces": [41,0,1,3,2,0,1,2,3,0,1,0,0]
}